userId,username,password,email,name,surname,clinical_gender,current_location,age_range,living_country,country_of_origin
tinaad5e,tina9a70,NQ7CysdS,tina.fisher@fake.com,Tina,Fisher,F,dv_MV,70-79,Slovakia (Slovak Republic),Guatemala
kathya83a,kathy8963,tT2akdgB,kathy.fernandez@fake.com,Kathy,Fernandez,F,gl_ES,80-89,Colombia,Central African Republic
tinabb6d,tinab152,J5gtIYYM,tina.collins@fake.com,Tina,Collins,F,cy_GB,70-79,Fiji,Georgia
ashley8e12,ashleya042,uR2aKTPc,ashley.crawford@fake.com,Ashley,Crawford,F,el_GR,30-39,Jamaica,Armenia
alexander9008,alexander990f,Hmp2Hxmf,alexander.lopez@fake.com,Alexander,Lopez,M,or_IN,80-89,Aruba,Albania
olivia800c,olivia9b2b,Mbkg9gMM,olivia.lambert@fake.com,Olivia,Lambert,F,lb_LU,20-29,Korea,Bolivia
scott8583,scott9c3b,lYvYYZcm,scott.richardson@fake.com,Scott,Richardson,M,ff_SN,90-100,Slovenia,Antigua and Barbuda
sandra8d44,sandrabcf9,DjZif01R,sandra.garcia@fake.com,Sandra,Garcia,F,et_EE,30-39,Tanzania,Kyrgyz Republic
heathera02a,heather8306,bRpmVmv4,heather.becker@fake.com,Heather,Becker,F,fo_FO,20-29,Iraq,Christmas Island
brandona261,brandon8a0f,sznECSPv,brandon.oneal@fake.com,Brandon,Oneal,M,dv_MV,70-79,Ecuador,Fiji
felicia93c9,feliciaa90d,gKWOAEfp,felicia.barker@fake.com,Felicia,Barker,F,dv_MV,50-59,Jamaica,Luxembourg
sierra935c,sierrab960,LL7XFGWq,sierra.scott@fake.com,Sierra,Scott,F,apn_IN,70-79,Antarctica (the territory South of 60 deg S),Guadeloupe
nicole9147,nicole9eba,GkmDaDAN,nicole.ferguson@fake.com,Nicole,Ferguson,F,bs_BA,70-79,Canada,French Southern Territories
jessicaaf85,jessicab262,wtfKtKfC,jessica.martin@fake.com,Jessica,Martin,F,af_ZA,80-89,Dominica,Thailand
andresbffe,andresb688,mAXtmMh0,andres.armstrong@fake.com,Andres,Armstrong,M,sq_AL,80-89,Bhutan,United States Minor Outlying Islands
christopher875c,christopher8ced,qDaxpk8d,christopher.rodriguez@fake.com,Christopher,Rodriguez,M,se_NO,30-39,Kazakhstan,North Macedonia
derrick974e,derrickb256,9dqWju0L,derrick.williams@fake.com,Derrick,Williams,M,cmn_TW,90-100,Maldives,Bosnia and Herzegovina
courtneyaf4b,courtney8716,44Wr15jS,courtney.blanchard@fake.com,Courtney,Blanchard,F,gu_IN,40-49,Nigeria,Namibia
elizabeth8976,elizabethbd6b,pMoHeqKh,elizabeth.barrett@fake.com,Elizabeth,Barrett,F,wa_BE,40-49,Bolivia,Slovenia
nicoleb4c7,nicolea6b8,xBUh9wIE,nicole.wallace@fake.com,Nicole,Wallace,F,hsb_DE,30-39,Bangladesh,Benin
alexis9e49,alexisb5dc,2qBVVYlx,alexis.harris@fake.com,Alexis,Harris,F,bho_IN,70-79,North Macedonia,Bouvet Island (Bouvetoya)
sandraac9a,sandra824c,oNEAI2rJ,sandra.short@fake.com,Sandra,Short,F,lij_IT,90-100,India,Korea
ronaldb714,ronald90e2,hT7WLe1n,ronald.watts@fake.com,Ronald,Watts,M,mi_NZ,80-89,Dominica,Cocos (Keeling) Islands
tiffanyab97,tiffanyb275,LtRiGrf8,tiffany.perez@fake.com,Tiffany,Perez,F,bho_IN,80-89,China,Ireland
jeffreyadc5,jeffrey931f,Kb9DfqM4,jeffrey.allen@fake.com,Jeffrey,Allen,M,fur_IT,70-79,British Virgin Islands,Saint Kitts and Nevis
brittany98f2,brittanyb133,OwEteuQk,brittany.mooney@fake.com,Brittany,Mooney,F,yue_HK,80-89,Oman,Guernsey
dakota8471,dakotaa198,7dw8L6DP,dakota.hayden@fake.com,Dakota,Hayden,M,hy_AM,30-39,Netherlands,Luxembourg
samanthaab88,samanthab3da,O8rZO7QE,samantha.smith@fake.com,Samantha,Smith,F,zu_ZA,20-29,Bulgaria,Yemen
samanthaa284,samantha824b,DHEULyqJ,samantha.green@fake.com,Samantha,Green,F,sq_AL,30-39,French Southern Territories,Nepal
alexandera3d0,alexander8c18,ND8bxiax,alexander.white@fake.com,Alexander,White,M,ur_PK,70-79,Senegal,Congo
alexander8793,alexanderbee7,LVAzzgy3,alexander.mendez@fake.com,Alexander,Mendez,M,si_LK,70-79,San Marino,Pakistan
brenda891b,brenda9bc3,pLPrqWRU,brenda.hicks@fake.com,Brenda,Hicks,F,ur_IN,20-29,Liechtenstein,Portugal
carlosa6b8,carlos8570,f2tVwTll,carlos.montes@fake.com,Carlos,Montes,M,crh_UA,30-39,Korea,Sweden
glenda9b34,glenda983d,Hh3AWhV2,glenda.gutierrez@fake.com,Glenda,Gutierrez,F,lzh_TW,70-79,Liechtenstein,United States of America
samuelb11e,samuel8d86,GKsxvcik,samuel.cook@fake.com,Samuel,Cook,M,dz_BT,30-39,Heard Island and McDonald Islands,Philippines
sylvia8b12,sylviaa0ca,fMMKb17K,sylvia.little@fake.com,Sylvia,Little,F,zh_HK,60-69,Lithuania,Equatorial Guinea
bailey8905,baileybc51,ffMJyXpu,bailey.allen@fake.com,Bailey,Allen,F,da_DK,20-29,Malawi,Cote d'Ivoire
amber9981,amber8ddb,Yj3eXyEc,amber.ramos@fake.com,Amber,Ramos,F,ga_IE,50-59,Kenya,Timor-Leste
angel88d7,angel8b95,tdnlnKrA,angel.hall@fake.com,Angel,Hall,F,shs_CA,40-49,Grenada,Brunei Darussalam
angelab70,angelade5,gVIvuQ65,angel.miller@fake.com,Angel,Miller,F,sd_IN,20-29,Bermuda,French Guiana
danielb375,danielbffe,rLz0v3Ke,daniel.thompson@fake.com,Daniel,Thompson,M,sid_ET,30-39,Saint Martin,Pakistan
george8e58,georgea6f3,VIlIHUtW,george.nichols@fake.com,George,Nichols,M,be_BY,70-79,Timor-Leste,Saint Barthelemy
heidi9ba4,heidi987e,lHzHFTgz,heidi.jackson@fake.com,Heidi,Jackson,F,or_IN,90-100,Palestinian Territory,Tunisia
alan9742,alanbcf3,yTMZqxAd,alan.foster@fake.com,Alan,Foster,M,nso_ZA,40-49,Thailand,Chad
brenda9ef8,brendab345,AU6Dcf5h,brenda.keller@fake.com,Brenda,Keller,F,unm_US,90-100,Northern Mariana Islands,Serbia
cynthiaa923,cynthia90a3,poJ0N2hZ,cynthia.johnson@fake.com,Cynthia,Johnson,F,bs_BA,80-89,Ghana,Myanmar
timothy83d4,timothy951e,M5ZD3Xld,timothy.ramos@fake.com,Timothy,Ramos,M,sv_SE,30-39,New Zealand,Antarctica (the territory South of 60 deg S)
shawn9e2a,shawn90e5,n63y784e,shawn.davis@fake.com,Shawn,Davis,M,da_DK,50-59,Norfolk Island,Serbia
alan88cf,alanaea8,1Zw5DMlo,alan.cook@fake.com,Alan,Cook,M,te_IN,80-89,United States Virgin Islands,Reunion
johnb97d,john874c,szSdLhDo,john.davis@fake.com,John,Davis,M,ak_GH,20-29,Morocco,Timor-Leste
anna493,annac26,ljlq87N7,ann.calderon@fake.com,Ann,Calderon,F,es_PY,90-100,Montenegro,Benin
thomasbcb9,thomas9723,bs1Cavyj,thomas.shannon@fake.com,Thomas,Shannon,M,mk_MK,70-79,Zimbabwe,Portugal
amy96d8,amy8d2c,islC1Zr3,amy.clark@fake.com,Amy,Clark,F,is_IS,90-100,Netherlands,Northern Mariana Islands
matthew8b49,matthewbeda,pdQyvC6v,matthew.howard@fake.com,Matthew,Howard,M,nso_ZA,70-79,Niue,Paraguay
terryb4c1,terry849d,oVbmlzNl,terry.beasley@fake.com,Terry,Beasley,M,mni_IN,20-29,Korea,Israel
edwinb18e,edwinb89b,ATIbqbqH,edwin.taylor@fake.com,Edwin,Taylor,M,tcy_IN,30-39,United Kingdom,Zimbabwe
carmen8d45,carmen982f,HSMOinQt,carmen.leonard@fake.com,Carmen,Leonard,F,fi_FI,30-39,Austria,Gambia
andrew9f7c,andrewbc6f,YGxeFwaL,andrew.miles@fake.com,Andrew,Miles,M,sq_ML,20-29,Netherlands,Gabon
christopheracef,christopher8298,FptpZ5mT,christopher.hood@fake.com,Christopher,Hood,M,ber_DZ,80-89,Antarctica (the territory South of 60 deg S),Western Sahara
williamac95,william8cad,k0PqgvEd,william.holt@fake.com,William,Holt,M,li_NL,30-39,Portugal,Botswana
william9cdb,williamab38,qabYGR7s,william.taylor@fake.com,William,Taylor,M,ayc_PE,20-29,Guatemala,Grenada
joshua9520,joshuabc8b,s5wppChB,joshua.sanchez@fake.com,Joshua,Sanchez,M,ar_SA,60-69,Botswana,Saint Barthelemy
carolynb09c,carolyn83a8,y56ymnso,carolyn.andrews@fake.com,Carolyn,Andrews,F,am_ET,80-89,Indonesia,France
jason8906,jasonb342,ouh3SR1B,jason.martin@fake.com,Jason,Martin,M,fy_NL,50-59,Netherlands,Tuvalu
christopherb37e,christopherbb1d,Sp9xlnDF,christopher.barnes@fake.com,Christopher,Barnes,M,tt_RU,90-100,Netherlands Antilles,Saint Martin
jerry8041,jerry8123,UseCbXXx,jerry.villanueva@fake.com,Jerry,Villanueva,M,sid_ET,90-100,Myanmar,Morocco
heather935e,heatheraec9,5qPAWcVr,heather.good@fake.com,Heather,Good,F,brx_IN,80-89,Azerbaijan,Cyprus
jonathana930,jonathana8b7,uMagSwpk,jonathan.gonzalez@fake.com,Jonathan,Gonzalez,M,sat_IN,70-79,Brazil,Niger
ruthbe6d,ruthb9dd,IOM2vI1G,ruth.jackson@fake.com,Ruth,Jackson,F,dz_BT,20-29,Netherlands Antilles,Zimbabwe
dr.ad92,dr.bb9f,QSJP5NB7,dr..ronald@fake.com,Dr.,Ronald,M,se_NO,70-79,Bhutan,Cook Islands
stephanie8264,stephanie9193,WkerdLEx,stephanie.morrison@fake.com,Stephanie,Morrison,F,kw_GB,50-59,Lebanon,Colombia
timothy8329,timothy9f85,DM7ElcD8,timothy.aguirre@fake.com,Timothy,Aguirre,M,os_RU,50-59,Sierra Leone,Macao
linda8a18,lindab0c5,hZ0jxaWr,linda.walsh@fake.com,Linda,Walsh,F,li_NL,60-69,Thailand,Bhutan
brendabc99,brenda8376,OZvEApWr,brenda.patel@fake.com,Brenda,Patel,F,nan_TW,20-29,Cayman Islands,Sri Lanka
dawn8276,dawnb2bb,krdNjDdh,dawn.poole@fake.com,Dawn,Poole,F,wae_CH,30-39,Turkmenistan,Singapore
bradley8223,bradley8774,qIe9AKgG,bradley.cardenas@fake.com,Bradley,Cardenas,M,an_ES,30-39,Philippines,Saudi Arabia
russella785,russell8dc2,r321L3BZ,russell.pennington@fake.com,Russell,Pennington,M,yi_US,90-100,Aruba,Kiribati
rodneybcca,rodney9b77,o7wFi4DC,rodney.king@fake.com,Rodney,King,M,bo_CN,20-29,Western Sahara,Reunion
scott988d,scottb509,FI6rCVqi,scott.elliott@fake.com,Scott,Elliott,M,ur_IN,20-29,Puerto Rico,Lesotho
wayne88d8,wayne98a0,73ShmGuR,wayne.shaffer@fake.com,Wayne,Shaffer,M,byn_ER,50-59,Iraq,El Salvador
paulacdd,paul825d,lDOauTCn,paul.sanchez@fake.com,Paul,Sanchez,M,dz_BT,90-100,Papua New Guinea,Zambia
jesseb685,jesseb516,LV9NYeUm,jesse.gross@fake.com,Jesse,Gross,M,nl_AW,50-59,Guernsey,Jamaica
davidb8c8,davidb3a4,53LWePKq,david.roy@fake.com,David,Roy,M,sd_PK,90-100,Tanzania,China
heidi99b8,heidi8d8d,sLE1UJWa,heidi.miller@fake.com,Heidi,Miller,F,lzh_TW,70-79,Canada,Estonia
wendyae84,wendyacce,X5jYHWXm,wendy.wright@fake.com,Wendy,Wright,F,gl_ES,40-49,Slovenia,Saint Kitts and Nevis
anthonyab71,anthony85da,g8ZKJMKE,anthony.williams@fake.com,Anthony,Williams,M,mag_IN,50-59,Ghana,Heard Island and McDonald Islands
samanthabb43,samantha92af,YtMSJoDZ,samantha.taylor@fake.com,Samantha,Taylor,F,gl_ES,20-29,Tokelau,Czech Republic
jacob98d9,jacobae4d,84rdDBdH,jacob.lewis@fake.com,Jacob,Lewis,M,de_BE,40-49,El Salvador,Equatorial Guinea
kimberly9af9,kimberly947e,1Z2BK4vN,kimberly.gonzalez@fake.com,Kimberly,Gonzalez,F,ca_AD,50-59,Bangladesh,Rwanda
tracy8ade,tracy948a,QkDXD96y,tracy.oconnor@fake.com,Tracy,Oconnor,F,ik_CA,30-39,Tajikistan,Liechtenstein
bobby849f,bobbybae6,YqaKI7nb,bobby.collins@fake.com,Bobby,Collins,M,wal_ET,50-59,Syrian Arab Republic,Guadeloupe
brenda8086,brenda86bf,7cct06mE,brenda.levy@fake.com,Brenda,Levy,F,bhb_IN,50-59,Cape Verde,Ethiopia
justin9014,justina598,NvnXAZmX,justin.khan@fake.com,Justin,Khan,M,lv_LV,50-59,Latvia,Hong Kong
jenniferb21f,jennifer9071,abKkQGC6,jennifer.harris@fake.com,Jennifer,Harris,F,csb_PL,80-89,Northern Mariana Islands,Indonesia
charles8e1e,charles8b8a,cCbntVrK,charles.gaines@fake.com,Charles,Gaines,M,ms_MY,80-89,Monaco,Morocco
richardaf78,richarda464,h1gjpsD1,richard.williams@fake.com,Richard,Williams,M,lb_LU,50-59,Chile,South Georgia and the South Sandwich Islands
michelleae7e,michellebb83,8QscDrJ4,michelle.kelly@fake.com,Michelle,Kelly,F,mr_IN,60-69,Guernsey,Vietnam
michaelb250,michaelbc24,tqxmJT4c,michael.white@fake.com,Michael,White,M,si_LK,20-29,Guam,Guyana
beth8467,betha814,udrSMQkL,beth.robinson@fake.com,Beth,Robinson,F,az_AZ,90-100,Jamaica,Cambodia
jacob95d5,jacob9443,QOVBeZwL,jacob.bolton@fake.com,Jacob,Bolton,M,bhb_IN,40-49,French Guiana,Anguilla
lori8bad,loria9f5,JEhyyVpk,lori.james@fake.com,Lori,James,F,ja_JP,20-29,New Zealand,Nigeria
zachary9ee8,zacharyb6f6,tnN4LNsh,zachary.washington@fake.com,Zachary,Washington,M,nl_NL,80-89,Portugal,Netherlands Antilles
nancybdda,nancyb88d,8yGSN0OV,nancy.fuller@fake.com,Nancy,Fuller,F,doi_IN,80-89,Puerto Rico,Svalbard & Jan Mayen Islands
ashley91c9,ashleyac71,0KQq0AOq,ashley.hogan@fake.com,Ashley,Hogan,F,ga_IE,90-100,Brazil,Tajikistan
walter96e4,walteraf96,UGEuxpSt,walter.wilson@fake.com,Walter,Wilson,M,kw_GB,90-100,Seychelles,Cuba
virginiaaa32,virginia906e,33IBTIrx,virginia.rogers@fake.com,Virginia,Rogers,F,szl_PL,90-100,Saint Helena,Lebanon
kellya8c1,kellybd5b,BnWxEf5N,kelly.garza@fake.com,Kelly,Garza,F,en_AG,50-59,Brazil,Cambodia
evelyn9998,evelynbe44,HXIC0bev,evelyn.sutton@fake.com,Evelyn,Sutton,F,mni_IN,30-39,Saint Helena,Georgia
bradleyb454,bradleya50f,i8YH2JWJ,bradley.rose@fake.com,Bradley,Rose,M,an_ES,40-49,Lebanon,Uganda
karen82c1,karen9a5e,zfbJhbbh,karen.yates@fake.com,Karen,Yates,F,be_BY,70-79,Kenya,Cyprus
kevinbaba,kevin9e9f,zKnSYBGR,kevin.chapman@fake.com,Kevin,Chapman,M,sq_AL,20-29,Kenya,Slovakia (Slovak Republic)
theresaa992,theresaab1a,tITKqWQ5,theresa.cuevas@fake.com,Theresa,Cuevas,F,br_FR,80-89,Iran,Spain
joana9d7,joanb9ff,RditUa0u,joan.murphy@fake.com,Joan,Murphy,F,is_IS,70-79,Colombia,Montenegro
phillipb21a,phillipb09a,GIRfvyc9,phillip.johnston@fake.com,Phillip,Johnston,M,az_AZ,30-39,Congo,Northern Mariana Islands
angel85f0,angelad08,9hSlZC2F,angel.bennett@fake.com,Angel,Bennett,F,ak_GH,90-100,Mayotte,El Salvador
sergio802b,sergioa8e4,bqYsovVV,sergio.jackson@fake.com,Sergio,Jackson,M,km_KH,50-59,Western Sahara,Barbados
elizabeth9521,elizabethb2cb,fHQcBO3t,elizabeth.clark@fake.com,Elizabeth,Clark,F,so_DJ,30-39,Turkey,Azerbaijan
carolynaac8,carolyn8bc6,phSDJHWX,carolyn.harris@fake.com,Carolyn,Harris,F,ia_FR,80-89,Angola,Jordan
brendaaeb8,brenda95f9,q4y6fZ69,brenda.farmer@fake.com,Brenda,Farmer,F,bn_BD,20-29,Jersey,Saudi Arabia
karen815b,karen899b,QtrTGwHM,karen.hall@fake.com,Karen,Hall,F,tcy_IN,40-49,Bolivia,Pitcairn Islands
heidi88fd,heidibc82,jfm9Q3q7,heidi.lyons@fake.com,Heidi,Lyons,F,mk_MK,90-100,Norfolk Island,Guinea
kathleenb187,kathleenadc4,re8zoT91,kathleen.scott@fake.com,Kathleen,Scott,F,bg_BG,20-29,China,Niue
ninab6b4,ninab3c8,rDgCkfKK,nina.perry@fake.com,Nina,Perry,F,quz_PE,30-39,Palestinian Territory,Mali
jennifera621,jennifer9bd5,u3YYw1kR,jennifer.davis@fake.com,Jennifer,Davis,F,ka_GE,80-89,Tajikistan,Ukraine
colinbf29,colinb617,7E7oZW49,colin.cooley@fake.com,Colin,Cooley,M,ta_IN,30-39,New Zealand,Norfolk Island
sandra96dd,sandra8dda,4bOhfp3P,sandra.lawrence@fake.com,Sandra,Lawrence,F,doi_IN,20-29,Mozambique,Egypt
garya948,garyb574,0GxoIDZz,gary.jones@fake.com,Gary,Jones,M,mi_NZ,70-79,Afghanistan,Brazil
timothy97a6,timothyb7ee,1ea7Auf6,timothy.murphy@fake.com,Timothy,Murphy,M,ts_ZA,70-79,Norfolk Island,Timor-Leste
carol9ac2,carolaa63,yre4GXri,carol.powell@fake.com,Carol,Powell,F,sid_ET,20-29,Spain,Fiji
kennethb8d8,kennethaebc,jKFEjSWJ,kenneth.reid@fake.com,Kenneth,Reid,M,unm_US,20-29,Burkina Faso,Togo
ann9a4b,annbf2e,Go9xG4CR,ann.noble@fake.com,Ann,Noble,F,ht_HT,30-39,Yemen,Italy
leeb858,lee8ac6,HYUSiL4c,lee.harris@fake.com,Lee,Harris,M,sw_KE,60-69,Saint Martin,Algeria
brandon89f4,brandon968f,rpdvWYDL,brandon.adkins@fake.com,Brandon,Adkins,M,zu_ZA,80-89,Yemen,Saint Martin
jordan86a4,jordana6f8,4wsh3XA4,jordan.hamilton@fake.com,Jordan,Hamilton,M,oc_FR,80-89,Uganda,Western Sahara
brittany8029,brittanyb4d3,eTzA8ZVt,brittany.johnson@fake.com,Brittany,Johnson,F,yue_HK,20-29,Norway,Bouvet Island (Bouvetoya)
tanyabd45,tanyaac9f,os5GBKMu,tanya.brooks@fake.com,Tanya,Brooks,F,ast_ES,50-59,Gibraltar,Vietnam
julia9255,julia9235,SdsnZXFH,julia.cooper@fake.com,Julia,Cooper,F,tg_TJ,80-89,Poland,Grenada
rachelae02,rachelb5fa,smVBNIhE,rachel.lowery@fake.com,Rachel,Lowery,F,hi_IN,30-39,Mauritius,Burundi
amberb3ac,amber87f0,TqbyqTBL,amber.obrien@fake.com,Amber,Obrien,F,bg_BG,60-69,Jamaica,Iraq
richard9e46,richarda535,YyWmeWZU,richard.campbell@fake.com,Richard,Campbell,M,am_ET,90-100,Finland,Brunei Darussalam
brittany82fd,brittanyb04c,OoXkBoMn,brittany.cooper@fake.com,Brittany,Cooper,F,gl_ES,40-49,Azerbaijan,Brazil
jason9b35,jasonaaae,ewpDoQzl,jason.larson@fake.com,Jason,Larson,M,tk_TM,60-69,Costa Rica,Madagascar
johna8e7,john9408,FBwURu39,john.bailey@fake.com,John,Bailey,M,byn_ER,90-100,Albania,Sierra Leone
kimberly940c,kimberlyaf30,cz94aF4U,kimberly.ellis@fake.com,Kimberly,Ellis,F,lg_UG,40-49,Jamaica,Poland
amybc28,amybd01,gswU7znm,amy.shaffer@fake.com,Amy,Shaffer,F,ky_KG,60-69,Malaysia,Rwanda
heatherbcb5,heatherb2a3,LtF3C74t,heather.weeks@fake.com,Heather,Weeks,F,raj_IN,90-100,Central African Republic,Malawi
steven91d9,stevenaaa6,OO5zVDC0,steven.mathews@fake.com,Steven,Mathews,M,lg_UG,30-39,Lao People's Democratic Republic,Bahrain
briannab8bd,briannaa000,QkuraNMI,brianna.williams@fake.com,Brianna,Williams,F,lb_LU,90-100,Montenegro,Oman
moniqueb507,moniqueb834,bWwT6XwN,monique.atkinson@fake.com,Monique,Atkinson,F,ht_HT,50-59,Palau,Romania
alexisbdcd,alexisa3ce,CbvcGYgM,alexis.williams@fake.com,Alexis,Williams,F,mag_IN,30-39,Israel,Greece
james8735,james92f2,J1KxZ6sM,james.carpenter@fake.com,James,Carpenter,M,tig_ER,90-100,Armenia,Malaysia
lauraaf3c,laurab37a,zUpXBvbj,laura.jones@fake.com,Laura,Jones,F,hne_IN,60-69,Senegal,Taiwan
johna4a4,john9a26,Zrla3d59,john.johns@fake.com,John,Johns,M,li_BE,80-89,Tonga,Sierra Leone
michele8b1d,michelea0c1,2KutVfu9,michele.ramirez@fake.com,Michele,Ramirez,F,fy_DE,80-89,Sierra Leone,Iraq
manuela249,manuel9610,ePqq5fGw,manuel.montgomery@fake.com,Manuel,Montgomery,M,sa_IN,60-69,Macao,Falkland Islands (Malvinas)
kathleenb6dd,kathleen987e,diCPkMCF,kathleen.mcguire@fake.com,Kathleen,Mcguire,F,hne_IN,80-89,Malaysia,Myanmar
kristinaab0b,kristinaae6a,SlIBXhNM,kristina.mclean@fake.com,Kristina,Mclean,F,bn_BD,40-49,Cuba,Zimbabwe
amberb842,amber9ca7,36fjymOH,amber.hughes@fake.com,Amber,Hughes,F,fr_CH,20-29,Poland,Comoros
christopher9de2,christopherbf5d,7oTpew0c,christopher.friedman@fake.com,Christopher,Friedman,M,ce_RU,90-100,Haiti,Costa Rica
ralpha139,ralph98a2,hTifNppP,ralph.hughes@fake.com,Ralph,Hughes,M,kw_GB,80-89,Qatar,Chile
janiceb853,janiceb3c3,zwzztDjl,janice.clark@fake.com,Janice,Clark,F,sv_FI,30-39,Bahrain,Saint Lucia
jeremy9727,jeremy95c9,9JANsibJ,jeremy.smith@fake.com,Jeremy,Smith,M,sw_KE,40-49,Mayotte,Chile
kayla9225,kaylaa7e8,YXU3kkyF,kayla.medina@fake.com,Kayla,Medina,F,bo_IN,90-100,Kenya,Tokelau
bridgetab91,bridget9145,RBno3fxQ,bridget.walker@fake.com,Bridget,Walker,F,wa_BE,60-69,Chad,Solomon Islands
jessica983d,jessicab792,NXLMl14R,jessica.harrell@fake.com,Jessica,Harrell,F,id_ID,60-69,Sudan,Bermuda
jamieb7dc,jamieba59,yrvEszDL,jamie.clarke@fake.com,Jamie,Clarke,F,nso_ZA,20-29,United Arab Emirates,Falkland Islands (Malvinas)
randallae49,randall8ef6,XOXQFNl4,randall.lynch@fake.com,Randall,Lynch,M,eo_US,30-39,El Salvador,Trinidad and Tobago
daniela7d4,daniel97da,1oGb51bK,daniel.bowers@fake.com,Daniel,Bowers,M,is_IS,80-89,Costa Rica,Svalbard & Jan Mayen Islands
kathryn85b8,kathryn8fe0,6zmiYmyt,kathryn.medina@fake.com,Kathryn,Medina,F,sr_ME,60-69,Romania,Guatemala
anthony8a26,anthony81c7,dkh0CoiU,anthony.brown@fake.com,Anthony,Brown,M,zh_SG,50-59,Suriname,Uganda
tina8e44,tina8428,JJrx911m,tina.espinoza@fake.com,Tina,Espinoza,F,de_LI,20-29,Yemen,Bouvet Island (Bouvetoya)
gary932e,garyab5e,Th6VUNEt,gary.coleman@fake.com,Gary,Coleman,M,tcy_IN,20-29,Guatemala,Christmas Island
marka07f,mark97e4,QTYbRso7,mark.hooper@fake.com,Mark,Hooper,M,kn_IN,40-49,Mozambique,Norway
antonio80c5,antonio9463,zL44iYIA,antonio.sullivan@fake.com,Antonio,Sullivan,M,nso_ZA,40-49,Bhutan,Chile
sandra8c09,sandraa2e5,lSlOKXmr,sandra.jackson@fake.com,Sandra,Jackson,F,ber_MA,40-49,Hong Kong,Nigeria
joshuaa573,joshua81ea,FkWklDIk,joshua.rodriguez@fake.com,Joshua,Rodriguez,M,doi_IN,90-100,Israel,Bahrain
bill8a16,billa14e,mXNWkc5V,bill.nelson@fake.com,Bill,Nelson,M,nl_NL,80-89,Spain,Dominica
danabe89,dana9918,lUZ0P6Bd,dana.willis@fake.com,Dana,Willis,F,mag_IN,80-89,Botswana,Ecuador
jenniferaa78,jenniferaa10,qanMedtr,jennifer.luna@fake.com,Jennifer,Luna,F,ko_KR,80-89,Samoa,Belarus
jordan9b54,jordana14f,qhylw8Bc,jordan.smith@fake.com,Jordan,Smith,M,ast_ES,60-69,Australia,Israel
gregoryb2f5,gregory8418,iizM0Hyv,gregory.perez@fake.com,Gregory,Perez,M,bs_BA,90-100,New Zealand,Cocos (Keeling) Islands
julieb964,juliebc15,eFZlLhw8,julie.kerr@fake.com,Julie,Kerr,F,ht_HT,70-79,Ethiopia,Tunisia
nicole8f77,nicole8e71,Q7F2jZZs,nicole.fischer@fake.com,Nicole,Fischer,F,lv_LV,90-100,Marshall Islands,Solomon Islands
david86ae,davidb41b,xtz5fzTV,david.lee@fake.com,David,Lee,M,oc_FR,20-29,Estonia,Lesotho
ashleya2be,ashleyaed4,yZ7SA41R,ashley.livingston@fake.com,Ashley,Livingston,F,kl_GL,30-39,Ethiopia,Chad
donna9f75,donnaa1f8,5GEohG9b,donna.mason@fake.com,Donna,Mason,F,wo_SN,50-59,Norway,Lesotho
heatherbf86,heatherba8a,2V8T2RAp,heather.glover@fake.com,Heather,Glover,F,ca_FR,60-69,Saint Barthelemy,Seychelles
terriba2c,terri90fc,ekvNQREw,terri.brooks@fake.com,Terri,Brooks,F,fr_CH,60-69,Cook Islands,Nicaragua
lisa88d9,lisa8c94,ar6mBR29,lisa.wolf@fake.com,Lisa,Wolf,F,brx_IN,30-39,Dominica,Mexico
jonathan9e95,jonathanb37b,VwF0IIQe,jonathan.ward@fake.com,Jonathan,Ward,M,ne_NP,60-69,Burkina Faso,Cocos (Keeling) Islands
anthony9363,anthony889b,6KtSrWVg,anthony.hughes@fake.com,Anthony,Hughes,M,zu_ZA,30-39,French Southern Territories,Niue
andrewa4b2,andrewa6ba,gWjCn4jv,andrew.morgan@fake.com,Andrew,Morgan,M,li_NL,90-100,Slovakia (Slovak Republic),Wallis and Futuna
james8fa1,james8e9d,cjU4KC0a,james.rodriguez@fake.com,James,Rodriguez,M,lt_LT,70-79,Benin,Honduras
bethaa19,beth8996,k8nRcLhx,beth.newton@fake.com,Beth,Newton,F,shs_CA,30-39,Eritrea,Aruba
robina5bb,robin9ec8,ErdVIqZs,robin.garcia@fake.com,Robin,Garcia,F,the_NP,20-29,Northern Mariana Islands,Finland
jordanaf75,jordanb565,Y9QsCJ1A,jordan.fuller@fake.com,Jordan,Fuller,M,lzh_TW,80-89,El Salvador,Antarctica (the territory South of 60 deg S)
jamesa972,james88d8,XNQUfCRt,james.johnson@fake.com,James,Johnson,M,sc_IT,60-69,Afghanistan,Czech Republic
henry8398,henrybbdd,kkjBJlGM,henry.mendez@fake.com,Henry,Mendez,M,wal_ET,60-69,South Africa,Argentina
brian9f91,brian8dd6,FZwB5vH9,brian.ingram@fake.com,Brian,Ingram,M,af_ZA,50-59,Gibraltar,Saudi Arabia
zacharyba45,zachary8789,SPZRJP6x,zachary.galvan@fake.com,Zachary,Galvan,M,mk_MK,30-39,Israel,Liechtenstein
isaiah8a72,isaiahb746,9O0x6iPT,isaiah.rodriguez@fake.com,Isaiah,Rodriguez,M,an_ES,50-59,Guatemala,Ghana
valerie993d,valerie9af0,8VpKbELQ,valerie.phillips@fake.com,Valerie,Phillips,F,sk_SK,90-100,Saint Kitts and Nevis,Germany
justinb27f,justinac42,atgDdFDq,justin.quinn@fake.com,Justin,Quinn,M,lv_LV,70-79,Djibouti,Martinique
nathaniel811b,nathanielad46,dA9gPLlr,nathaniel.english@fake.com,Nathaniel,English,M,dz_BT,50-59,Gambia,Paraguay
justinaa8c,justin9f76,39RduB3C,justin.weaver@fake.com,Justin,Weaver,M,se_NO,80-89,Slovenia,Vanuatu
williama28b,william9477,ooqJ1MRB,william.brown@fake.com,William,Brown,M,pt_PT,70-79,Solomon Islands,Thailand
danaace8,danaa165,Mxu7xIGb,dana.frank@fake.com,Dana,Frank,F,ff_SN,50-59,Kazakhstan,Singapore
joshua8413,joshuaa21d,wv5eTONy,joshua.morton@fake.com,Joshua,Morton,M,ss_ZA,40-49,Reunion,Tanzania
victoriaa3bb,victoria803a,wr0AifHw,victoria.patel@fake.com,Victoria,Patel,F,fa_IR,20-29,Saudi Arabia,Netherlands Antilles
debraa328,debra8187,6skDlEh6,debra.mueller@fake.com,Debra,Mueller,F,ce_RU,30-39,Christmas Island,Tunisia
morganafd0,morgana790,EQvhzS22,morgan.mitchell@fake.com,Morgan,Mitchell,F,ur_IN,60-69,Samoa,El Salvador
anthonya4f9,anthonya238,tzT5Qd0u,anthony.cisneros@fake.com,Anthony,Cisneros,M,mai_IN,90-100,French Polynesia,Cote d'Ivoire
lori8fb8,loriae96,Xt5LH8Sz,lori.stevens@fake.com,Lori,Stevens,F,kk_KZ,40-49,North Macedonia,Nigeria
carlba92,carlb267,h8Lu6IqT,carl.henry@fake.com,Carl,Henry,M,el_GR,40-49,Sweden,Netherlands
jose972d,jose9cd6,ONHHbjxe,jose.huynh@fake.com,Jose,Huynh,M,am_ET,40-49,Montserrat,Malaysia
mariab7e8,maria86d2,ygHY8y90,maria.whitehead@fake.com,Maria,Whitehead,F,the_NP,60-69,Cuba,Gibraltar
evanbc56,evana565,735kDV4C,evan.perez@fake.com,Evan,Perez,M,ayc_PE,40-49,Nauru,Japan
jasonbae9,jasonb230,ydsvguv3,jason.cooper@fake.com,Jason,Cooper,M,en_GB,40-49,Belize,Benin
heather9b76,heather95df,BAzaUd1L,heather.pham@fake.com,Heather,Pham,F,sc_IT,60-69,Niger,Cuba
angela9e95,angelab21d,h4qllSc2,angela.lee@fake.com,Angela,Lee,F,csb_PL,20-29,Moldova,Cyprus
rachael9c79,rachael9062,fr69ofor,rachael.webb@fake.com,Rachael,Webb,F,ta_LK,80-89,Korea,Austria
danaae0b,dana84e3,PUSEIdaD,dana.howard@fake.com,Dana,Howard,F,ps_AF,90-100,Norfolk Island,Saint Kitts and Nevis
jeffrey8c54,jeffreyb237,SSSZ9arD,jeffrey.watts@fake.com,Jeffrey,Watts,M,kw_GB,90-100,French Southern Territories,Qatar
lisa96f1,lisaa146,BIYZK7vE,lisa.mcbride@fake.com,Lisa,Mcbride,F,en_BW,70-79,Mozambique,Montserrat
jon8166,jon8849,4LrMpbpP,jon.floyd@fake.com,Jon,Floyd,M,cmn_TW,40-49,Grenada,Poland
jessica8ae5,jessicaa59d,wTrS1wnY,jessica.mercado@fake.com,Jessica,Mercado,F,zu_ZA,30-39,Montserrat,Svalbard & Jan Mayen Islands
andrea9999,andreaa4ae,VcljYO2Z,andrea.gonzalez@fake.com,Andrea,Gonzalez,F,hu_HU,20-29,Mongolia,Afghanistan
joshua8083,joshuabbbf,VekXg2Si,joshua.reed@fake.com,Joshua,Reed,M,ayc_PE,60-69,Equatorial Guinea,Swaziland
tara81e6,tara91a4,iiSLscfD,tara.casey@fake.com,Tara,Casey,F,ts_ZA,20-29,Uzbekistan,Brazil
nancy92b6,nancya1d3,5LKQDBr6,nancy.hale@fake.com,Nancy,Hale,F,ne_NP,20-29,Guatemala,Ethiopia
russell810f,russell87c9,lXiydWl5,russell.dodson@fake.com,Russell,Dodson,M,ln_CD,50-59,Palestinian Territory,Macao
anthonyb277,anthonya9ce,Yp5d2K8N,anthony.cole@fake.com,Anthony,Cole,M,te_IN,60-69,Bermuda,Cambodia
elizabethb32f,elizabethb6ec,vD1d4l3p,elizabeth.bradley@fake.com,Elizabeth,Bradley,F,ts_ZA,20-29,Jordan,Syrian Arab Republic
douglas8c46,douglas86d0,TApHl3fE,douglas.johnson@fake.com,Douglas,Johnson,M,hu_HU,90-100,Ecuador,Uganda
matthewa4d8,matthew9a63,6e7GLR98,matthew.day@fake.com,Matthew,Day,M,mg_MG,60-69,Cocos (Keeling) Islands,Panama
eric9a68,ericb981,TD6BNBDi,eric.ruiz@fake.com,Eric,Ruiz,M,mk_MK,70-79,Reunion,Slovenia
travis9e2b,travisbb4d,lHoMlk2z,travis.williams@fake.com,Travis,Williams,M,om_KE,40-49,Holy See (Vatican City State),Turks and Caicos Islands
josephb76d,joseph8d55,GYOgEw7l,joseph.phillips@fake.com,Joseph,Phillips,M,vi_VN,80-89,Barbados,Madagascar
joshuabf0a,joshua8fcf,JueeX0D9,joshua.carpenter@fake.com,Joshua,Carpenter,M,br_FR,60-69,Eritrea,Papua New Guinea
christinab5fe,christina91c2,BVtOAAjY,christina.wilkinson@fake.com,Christina,Wilkinson,F,ayc_PE,20-29,United States Virgin Islands,Malta
jenniferb09f,jenniferb1b4,FErh4ZJj,jennifer.davis@fake.com,Jennifer,Davis,F,hsb_DE,60-69,Niue,Niue
timothy87bf,timothya88d,CVW3h1d7,timothy.ashley@fake.com,Timothy,Ashley,M,hne_IN,50-59,Myanmar,Colombia
theresa9786,theresa90d9,hiLfH3CU,theresa.boyd@fake.com,Theresa,Boyd,F,tk_TM,80-89,Australia,Turkey
david8ec6,davidbd09,MXi6bcq9,david.thomas@fake.com,David,Thomas,M,oc_FR,70-79,Pitcairn Islands,Norfolk Island
laurab5da,lauraa739,clFkuKo4,laura.gomez@fake.com,Laura,Gomez,F,fur_IT,90-100,Liechtenstein,United States Minor Outlying Islands
joshuaa934,joshuabf16,0hDfoYUp,joshua.wilcox@fake.com,Joshua,Wilcox,M,nan_TW,50-59,Saint Martin,Senegal
melissabe44,melissa9e51,ZGx5Bgj4,melissa.dawson@fake.com,Melissa,Dawson,F,sk_SK,50-59,Luxembourg,Mauritius
matthew94f9,matthew8a82,blx8gO8K,matthew.hernandez@fake.com,Matthew,Hernandez,M,mag_IN,70-79,Honduras,Niger
setha38b,seth84ae,mJf6msab,seth.phillips@fake.com,Seth,Phillips,M,th_TH,70-79,Azerbaijan,Barbados
thomasb47e,thomasba81,unAWRvon,thomas.herman@fake.com,Thomas,Herman,M,sv_SE,80-89,Switzerland,Montenegro
samuel8e48,samuela308,OdPrfABR,samuel.jackson@fake.com,Samuel,Jackson,M,os_RU,70-79,Heard Island and McDonald Islands,Anguilla
jessicaa735,jessicab590,TPnTW46r,jessica.reyes@fake.com,Jessica,Reyes,F,mni_IN,60-69,Djibouti,Rwanda
tamara9d06,tamara825d,wFzCnhAr,tamara.moreno@fake.com,Tamara,Moreno,F,fa_IR,20-29,Grenada,Faroe Islands
samanthaac82,samantha9a0f,eRVE9C5i,samantha.wyatt@fake.com,Samantha,Wyatt,F,ml_IN,40-49,Somalia,Marshall Islands
jenniferb027,jennifer8385,6Bgh134A,jennifer.thompson@fake.com,Jennifer,Thompson,F,ta_IN,30-39,Saint Pierre and Miquelon,Niue
brandon8e7b,brandonb704,7lLDXuD3,brandon.perez@fake.com,Brandon,Perez,M,bho_IN,40-49,Senegal,Guam
jacqueline825f,jacquelinebfe0,493Cx5ja,jacqueline.schmidt@fake.com,Jacqueline,Schmidt,F,bhb_IN,80-89,Equatorial Guinea,Azerbaijan
felicia8099,felicia8c1f,MthYMd8E,felicia.sparks@fake.com,Felicia,Sparks,F,nn_NO,70-79,Mauritius,Finland
tammyb82a,tammy8cde,L4Pf7qA9,tammy.lopez@fake.com,Tammy,Lopez,F,eu_FR,50-59,Micronesia,United Kingdom
robertbe5c,robert9820,FgzlrFFu,robert.mcdaniel@fake.com,Robert,Mcdaniel,M,es_EC,70-79,Burkina Faso,Svalbard & Jan Mayen Islands
stephenb29c,stephen9ab4,AN1YkMe7,stephen.vargas@fake.com,Stephen,Vargas,M,af_ZA,20-29,Comoros,Palau
christopherb6fa,christopher9ba6,NpnJM7lN,christopher.davis@fake.com,Christopher,Davis,M,zu_ZA,70-79,Croatia,Faroe Islands
stephen8bce,stephenbd6c,lW2KslZI,stephen.henry@fake.com,Stephen,Henry,M,tn_ZA,90-100,Cameroon,Cape Verde
julie9e3e,julie8f96,6qCjLirW,julie.valenzuela@fake.com,Julie,Valenzuela,F,os_RU,70-79,Niue,Kyrgyz Republic
christybc5a,christybca4,SCzE7L77,christy.johnson@fake.com,Christy,Johnson,F,cv_RU,60-69,Slovakia (Slovak Republic),Papua New Guinea
brittany8006,brittany8fcd,E576smbB,brittany.bush@fake.com,Brittany,Bush,F,ur_IN,60-69,Uruguay,Niger
mr.b348,mr.b637,kd9qB8ga,mr..david@fake.com,Mr.,David,M,th_TH,90-100,Moldova,Isle of Man
emilyabd8,emily8b25,hzd740KS,emily.hatfield@fake.com,Emily,Hatfield,F,ms_MY,90-100,New Zealand,Saint Lucia
aarona085,aaronacd0,vX2iVMQH,aaron.merritt@fake.com,Aaron,Merritt,M,nn_NO,20-29,Guyana,Jordan
dwayne9ce4,dwaynebc35,KeBnnPig,dwayne.garcia@fake.com,Dwayne,Garcia,M,lij_IT,20-29,Lebanon,Singapore
mary9c69,mary9b94,EmIdOqfO,mary.townsend@fake.com,Mary,Townsend,F,hu_HU,70-79,Cocos (Keeling) Islands,Finland
margaret8e9b,margaret82e0,3D1wLx76,margaret.perry@fake.com,Margaret,Perry,F,dz_BT,80-89,Poland,French Polynesia
jessea2ea,jessebad8,KR7Iggym,jesse.brown@fake.com,Jesse,Brown,M,ro_RO,80-89,Cayman Islands,China
stephaniebca4,stephanieb04e,rFWLakXS,stephanie.moore@fake.com,Stephanie,Moore,F,gl_ES,50-59,Cayman Islands,Holy See (Vatican City State)
matthewa901,matthew84b5,eF8kDHPW,matthew.wilson@fake.com,Matthew,Wilson,M,lg_UG,50-59,Luxembourg,Romania
jennifer9713,jennifer981e,ntPmSZRq,jennifer.lowe@fake.com,Jennifer,Lowe,F,nds_NL,80-89,Botswana,New Caledonia
lauraa178,laura9cd5,4YLoKYeY,laura.wells@fake.com,Laura,Wells,F,ha_NG,20-29,Guinea-Bissau,Cameroon
shelly8873,shelly8550,VaXLlSfO,shelly.carpenter@fake.com,Shelly,Carpenter,F,bem_ZM,50-59,Anguilla,Jamaica
jenniferbf4a,jennifer9281,UqqkfxVd,jennifer.walker@fake.com,Jennifer,Walker,F,sq_ML,70-79,Ireland,Angola
amberada6,amber9bef,MWsEqFQV,amber.smith@fake.com,Amber,Smith,F,yue_HK,80-89,Northern Mariana Islands,French Southern Territories
andrew9c65,andrewb2b8,vH3kSFtc,andrew.salas@fake.com,Andrew,Salas,M,hne_IN,30-39,Saint Helena,Zambia
tracy86f6,tracyb992,tFYtNN9H,tracy.paul@fake.com,Tracy,Paul,F,iu_CA,70-79,Nicaragua,Namibia
jessica93e1,jessicabb64,S0S2E6Nm,jessica.clark@fake.com,Jessica,Clark,F,lt_LT,60-69,Zimbabwe,Ethiopia
anthonyb26c,anthonybda9,qqgeTu6E,anthony.price@fake.com,Anthony,Price,M,af_ZA,50-59,Guinea,Benin
bradley9378,bradley9a41,m71HAsg4,bradley.johnson@fake.com,Bradley,Johnson,M,an_ES,50-59,Niue,American Samoa
davidb5e3,davida31d,cAUznB5L,david.bauer@fake.com,David,Bauer,M,be_BY,50-59,Hong Kong,Turkey
brianna8d93,brianna9659,TvR4f5Xz,brianna.garza@fake.com,Brianna,Garza,F,sv_FI,20-29,Uruguay,Lesotho
timothyaf07,timothy8bbd,m0gV9jki,timothy.soto@fake.com,Timothy,Soto,M,lb_LU,70-79,Saint Vincent and the Grenadines,Cocos (Keeling) Islands
michael8d8a,michaelab0e,AqFELMW8,michael.powell@fake.com,Michael,Powell,M,cv_RU,70-79,Trinidad and Tobago,Gibraltar
anneb891,anne80b7,gWg3bVb9,anne.lara@fake.com,Anne,Lara,F,apn_IN,30-39,Gabon,Solomon Islands
matthewa27a,matthew9f41,vUawKAuu,matthew.dean@fake.com,Matthew,Dean,M,gu_IN,70-79,Namibia,South Africa
jamesb1ff,jamesafb1,NIXU9EBK,james.sanchez@fake.com,James,Sanchez,M,si_LK,90-100,Mauritius,Andorra
tiffany9bd8,tiffany8fb4,ji0uxWN7,tiffany.andrade@fake.com,Tiffany,Andrade,F,lv_LV,50-59,Saint Vincent and the Grenadines,Yemen
paulb9a9,paul878f,RQn4V5jB,paul.melton@fake.com,Paul,Melton,M,ps_AF,30-39,United States of America,Mayotte
briannabe2e,brianna9226,ALIgPTLg,brianna.fernandez@fake.com,Brianna,Fernandez,F,mhr_RU,30-39,Serbia,Burundi
joshuaac6c,joshua81a0,6vdlQlDo,joshua.andrews@fake.com,Joshua,Andrews,M,cv_RU,20-29,Italy,Mauritius
james8c00,jamesbead,tARqJ0rq,james.baker@fake.com,James,Baker,M,ln_CD,50-59,Ghana,Switzerland
elizabetha41d,elizabeth9998,k58jJzAZ,elizabeth.schmidt@fake.com,Elizabeth,Schmidt,F,st_ZA,90-100,Northern Mariana Islands,Burundi
pamelaa3a6,pamela8b8d,pBeMvNX1,pamela.garrison@fake.com,Pamela,Garrison,F,mhr_RU,30-39,Botswana,Burkina Faso
cindy9c3f,cindy90fd,xSMRRwCU,cindy.robinson@fake.com,Cindy,Robinson,F,cv_RU,50-59,Belize,Wallis and Futuna
brittanyb080,brittanya9ee,RgnnrO9E,brittany.fox@fake.com,Brittany,Fox,F,lv_LV,50-59,Pitcairn Islands,French Guiana
dana894d,danab380,esWcBiRp,dana.moore@fake.com,Dana,Moore,F,ik_CA,70-79,Turks and Caicos Islands,Saint Barthelemy
frank9aba,frank899f,ZxVEnCUo,frank.donaldson@fake.com,Frank,Donaldson,M,nan_TW,80-89,Ukraine,Russian Federation
james875c,jamesa278,YUTHe0k0,james.cox@fake.com,James,Cox,M,lt_LT,40-49,Saint Kitts and Nevis,Panama
claytonbdbd,claytona6d6,sKi36jUn,clayton.erickson@fake.com,Clayton,Erickson,M,sat_IN,80-89,Korea,Cambodia
waynea2f8,wayne97a7,mDoOnjU8,wayne.nash@fake.com,Wayne,Nash,M,af_ZA,90-100,Liberia,Bermuda
kentbbd7,kent8459,mLDTlSPX,kent.davis@fake.com,Kent,Davis,M,li_NL,60-69,Saint Helena,Denmark
grant813d,granta583,y7ip2GSq,grant.massey@fake.com,Grant,Massey,M,ca_ES,50-59,Norway,Iran
meghanb4b7,meghana07b,YZSYXlpz,meghan.wallace@fake.com,Meghan,Wallace,F,bo_CN,70-79,Solomon Islands,Myanmar
roger9f90,roger8079,vwrC6BSi,roger.shaffer@fake.com,Roger,Shaffer,M,lzh_TW,20-29,Lao People's Democratic Republic,Japan
jennifer8932,jenniferbd9e,BCNRNJE0,jennifer.baldwin@fake.com,Jennifer,Baldwin,F,da_DK,70-79,Philippines,Belgium
alexandera89d,alexander8675,P2j20RrY,alexander.arnold@fake.com,Alexander,Arnold,M,sl_SI,60-69,Chile,Belgium
nathana70d,nathana346,qaAh2s6l,nathan.campbell@fake.com,Nathan,Campbell,M,lo_LA,20-29,Samoa,Puerto Rico
toddbc06,toddb6e4,56mniOsr,todd.williams@fake.com,Todd,Williams,M,tg_TJ,20-29,Puerto Rico,Costa Rica
karenafd3,karenbdaa,QSIlxgoU,karen.arnold@fake.com,Karen,Arnold,F,bhb_IN,20-29,Mauritius,Albania
roberta582,robertb0fa,2YRboLg5,robert.burton@fake.com,Robert,Burton,M,ja_JP,40-49,Andorra,Barbados
matthew921e,matthew8d5a,VSjdj707,matthew.moses@fake.com,Matthew,Moses,M,cs_CZ,60-69,Turkmenistan,Hungary
elizabeth9630,elizabetha37c,IEbMoqEY,elizabeth.horton@fake.com,Elizabeth,Horton,F,az_AZ,20-29,Faroe Islands,Reunion
patricia8bff,patricia8603,nwUJxLDT,patricia.smith@fake.com,Patricia,Smith,F,uz_UZ,70-79,Greenland,Greenland
debraa76f,debraa21b,QAswgkRb,debra.hammond@fake.com,Debra,Hammond,F,sd_PK,70-79,Cote d'Ivoire,Maldives
christopher8391,christopher9b6a,jAWprttb,christopher.smith@fake.com,Christopher,Smith,M,se_NO,40-49,Heard Island and McDonald Islands,Mozambique
daniel89d0,daniel8637,BZKJjPn1,daniel.martin@fake.com,Daniel,Martin,M,lt_LT,60-69,Luxembourg,Burundi
danielb5b7,daniela31e,gyk5RLfO,daniel.conrad@fake.com,Daniel,Conrad,M,ja_JP,70-79,Czech Republic,Pakistan
omar95fb,omarb4a9,0povaJHo,omar.espinoza@fake.com,Omar,Espinoza,M,vi_VN,20-29,Saint Martin,Malta
dean89cc,deana1cc,gy2deLOF,dean.cook@fake.com,Dean,Cook,M,mr_IN,20-29,Bosnia and Herzegovina,Norfolk Island
michael9a7f,michaela8be,BYPdIPnX,michael.pace@fake.com,Michael,Pace,M,da_DK,50-59,Puerto Rico,Chile
lauren9b5b,laurenb7e9,rQOTkMQd,lauren.flores@fake.com,Lauren,Flores,F,lzh_TW,60-69,Comoros,Bangladesh
dr.b2ed,dr.929d,B8pYIKQN,dr..brittany@fake.com,Dr.,Brittany,F,ss_ZA,70-79,Japan,Croatia
coltonb5e7,coltonafd7,YSu0zlSr,colton.wilson@fake.com,Colton,Wilson,M,doi_IN,90-100,Ecuador,Saint Barthelemy
benjaminb7a2,benjaminaa50,ftheFDQY,benjamin.jensen@fake.com,Benjamin,Jensen,M,lv_LV,90-100,Afghanistan,Sao Tome and Principe
brianb345,briana25b,BGRPsDnY,brian.parker@fake.com,Brian,Parker,M,nn_NO,30-39,Georgia,Taiwan
micheleb827,michele8579,Sj2izHrX,michele.bell@fake.com,Michele,Bell,F,br_FR,20-29,South Georgia and the South Sandwich Islands,North Macedonia
joshua8385,joshua940a,VqXhEqw7,joshua.schaefer@fake.com,Joshua,Schaefer,M,cy_GB,20-29,Hong Kong,Czech Republic
claudiaa5e7,claudiaae54,LjUmy91w,claudia.martin@fake.com,Claudia,Martin,F,nr_ZA,20-29,Maldives,Portugal
nicolebfde,nicole9251,4oTHef9m,nicole.campos@fake.com,Nicole,Campos,F,ayc_PE,50-59,Monaco,Canada
valerie87bc,valerie8649,PmafwPHX,valerie.johnson@fake.com,Valerie,Johnson,F,ka_GE,70-79,Myanmar,Nepal
michaelb5df,michael885c,Zbkg6qhB,michael.hart@fake.com,Michael,Hart,M,ha_NG,50-59,Ecuador,Bosnia and Herzegovina
patrick9114,patricka27d,MRuPsZQg,patrick.bentley@fake.com,Patrick,Bentley,M,ia_FR,50-59,Congo,Timor-Leste
stephanie97cc,stephanie9279,MIXkNOOB,stephanie.donovan@fake.com,Stephanie,Donovan,F,lij_IT,60-69,Puerto Rico,Solomon Islands
samuelb8ad,samuel8c3e,E7KI7zB4,samuel.hernandez@fake.com,Samuel,Hernandez,M,he_IL,40-49,Pakistan,Latvia
kevinb2e1,kevin8d0f,6FWRdaL3,kevin.brown@fake.com,Kevin,Brown,M,tg_TJ,60-69,Greenland,Barbados
james8486,james978c,Nmulm4YB,james.mosley@fake.com,James,Mosley,M,gu_IN,40-49,Congo,Benin
mr.bedf,mr.b805,V5vSmVrN,mr..jerry@fake.com,Mr.,Jerry,M,uk_UA,30-39,Faroe Islands,Paraguay
craig8a78,craigb5c3,FVD3bLax,craig.soto@fake.com,Craig,Soto,M,nb_NO,90-100,Libyan Arab Jamahiriya,Australia
sarab6a0,sara8ae4,niu1sqni,sara.porter@fake.com,Sara,Porter,F,ml_IN,60-69,Guadeloupe,Vanuatu
curtis982c,curtisaf13,gBLJOAEm,curtis.rogers@fake.com,Curtis,Rogers,M,kn_IN,70-79,Ireland,Chad
teresa9893,teresaad4f,5Tq6xYQi,teresa.mercado@fake.com,Teresa,Mercado,F,ne_NP,80-89,Luxembourg,Bulgaria
mr.aa20,mr.8ad6,32q19skp,mr..micheal@fake.com,Mr.,Micheal,M,sa_IN,90-100,Papua New Guinea,Austria
cherylbe5a,cherylaa53,M9yKVadA,cheryl.reese@fake.com,Cheryl,Reese,F,nn_NO,90-100,Portugal,Libyan Arab Jamahiriya
rebecca98da,rebecca8bdc,uVVHysOj,rebecca.jackson@fake.com,Rebecca,Jackson,F,se_NO,70-79,Saint Vincent and the Grenadines,Somalia
joyce9dec,joycea5a6,ihCVPtwd,joyce.dixon@fake.com,Joyce,Dixon,F,ts_ZA,70-79,Gambia,New Caledonia
bobbyaf4a,bobby84ae,3o3cxRyu,bobby.romero@fake.com,Bobby,Romero,M,mag_IN,70-79,Nauru,Saint Helena
raymondbd3b,raymond8f45,J6UGIQCL,raymond.schmitt@fake.com,Raymond,Schmitt,M,yue_HK,20-29,Georgia,Pitcairn Islands
sonyaa90c,sonya8b4a,Ks3QJNJb,sonya.adams@fake.com,Sonya,Adams,F,cy_GB,90-100,Afghanistan,Latvia
courtneybdd8,courtney8645,DuLJUIBX,courtney.myers@fake.com,Courtney,Myers,F,sid_ET,30-39,Gambia,Bhutan
megan9afc,megana2e1,7oQEBZee,megan.williams@fake.com,Megan,Williams,F,cy_GB,80-89,Ukraine,Chile
ian9e56,ianb27d,gPPdNSKB,ian.anderson@fake.com,Ian,Anderson,M,de_AT,20-29,Georgia,Afghanistan
colin9fc4,colin9ef6,nSakDoaa,colin.chambers@fake.com,Colin,Chambers,M,uk_UA,40-49,Iceland,Libyan Arab Jamahiriya
russellbd95,russell89be,G0lDff5E,russell.morrison@fake.com,Russell,Morrison,M,ig_NG,90-100,Namibia,Guernsey
emilyb389,emilya4a2,sQq3rljj,emily.gallegos@fake.com,Emily,Gallegos,F,de_LU,50-59,Poland,Heard Island and McDonald Islands
mitchell99df,mitchellb160,AmaNC2nx,mitchell.gomez@fake.com,Mitchell,Gomez,M,tr_CY,40-49,Australia,Mauritania
heatherbf5d,heatherb620,65WBRzuV,heather.romero@fake.com,Heather,Romero,F,ug_CN,60-69,Ethiopia,Algeria
janet9e58,janet889e,myfIm7Rp,janet.ramos@fake.com,Janet,Ramos,F,ayc_PE,70-79,Burundi,Uzbekistan
gary92c1,gary8af9,7vKXSmWI,gary.reynolds@fake.com,Gary,Reynolds,M,es_DO,30-39,Saint Kitts and Nevis,Ireland
elizabethaa18,elizabeth845c,fu8FIxtv,elizabeth.price@fake.com,Elizabeth,Price,F,ayc_PE,70-79,Taiwan,Finland
thomasa2b7,thomas9769,V6gejyVG,thomas.edwards@fake.com,Thomas,Edwards,M,kk_KZ,30-39,Cayman Islands,Thailand
lindsey9a7c,lindsey82aa,kABqIw9C,lindsey.turner@fake.com,Lindsey,Turner,F,si_LK,30-39,Saudi Arabia,Cote d'Ivoire
gary903f,garya113,CXoLzfcJ,gary.kennedy@fake.com,Gary,Kennedy,M,ss_ZA,80-89,Luxembourg,Vietnam
heatherb609,heatherbec0,lZnJ4FEf,heather.park@fake.com,Heather,Park,F,oc_FR,40-49,Cameroon,Algeria
elizabethb434,elizabethbaec,DB51b9OA,elizabeth.garcia@fake.com,Elizabeth,Garcia,F,pl_PL,60-69,Togo,Iraq
julieba25,julie8a82,CNNHPVTG,julie.bishop@fake.com,Julie,Bishop,F,tn_ZA,50-59,Guatemala,Macao
jamesb285,jamesbfc4,5e2alZJe,james.jenkins@fake.com,James,Jenkins,M,nb_NO,30-39,Colombia,Mayotte
stephanie91f3,stephanie9040,ApXCQq0g,stephanie.sandoval@fake.com,Stephanie,Sandoval,F,li_BE,50-59,Angola,Ethiopia
melissaa1ef,melissa9b43,4Fc8rYbG,melissa.floyd@fake.com,Melissa,Floyd,F,hy_AM,30-39,Samoa,Kazakhstan
james9050,jamesb12f,HMeEe7pv,james.lamb@fake.com,James,Lamb,M,ha_NG,30-39,Gambia,Heard Island and McDonald Islands
joshua87a5,joshuaa5e8,5ZMkqcU9,joshua.kelley@fake.com,Joshua,Kelley,M,cy_GB,40-49,Oman,Northern Mariana Islands
jessicaa380,jessica9434,UUGNx9bK,jessica.mccann@fake.com,Jessica,Mccann,F,bs_BA,20-29,Montenegro,Angola
kaitlyna351,kaitlyna8f6,ziVBaJAV,kaitlyn.manning@fake.com,Kaitlyn,Manning,F,ku_TR,30-39,Falkland Islands (Malvinas),Japan
henry9506,henry9ab1,0QwFbDdd,henry.james@fake.com,Henry,James,M,sat_IN,90-100,Belgium,Chile
dawn9b8a,dawna849,I0KQUuPf,dawn.bailey@fake.com,Dawn,Bailey,F,yo_NG,20-29,Ukraine,Solomon Islands
katherineb570,katherinea6d3,yt2LdtxW,katherine.morris@fake.com,Katherine,Morris,F,ayc_PE,40-49,Moldova,Malaysia
richardbd23,richard9456,EEzhQmeW,richard.king@fake.com,Richard,King,M,hy_AM,30-39,Netherlands Antilles,Jordan
victoria9c6e,victoria8a08,BmVk8R1U,victoria.farley@fake.com,Victoria,Farley,F,ks_IN,80-89,Ghana,Isle of Man
cheyennea151,cheyennea282,kZRghaZI,cheyenne.warner@fake.com,Cheyenne,Warner,F,fil_PH,70-79,Burundi,Panama
jennifer8d5f,jennifer8059,GxahEsGc,jennifer.ellison@fake.com,Jennifer,Ellison,F,aa_ER,90-100,Ghana,Latvia
karenb9f5,karen9cb8,Mma8idnA,karen.freeman@fake.com,Karen,Freeman,F,rw_RW,60-69,Faroe Islands,Iran
suzanne8fe4,suzanneaa37,dMggu6cv,suzanne.smith@fake.com,Suzanne,Smith,F,nl_NL,90-100,Aruba,Niue
johna321,johna1c1,V06Usq5R,john.clark@fake.com,John,Clark,M,ro_RO,30-39,Christmas Island,Jersey
lindsay8a19,lindsayb30c,HQfDpzT1,lindsay.obrien@fake.com,Lindsay,Obrien,F,yi_US,30-39,New Caledonia,Belgium
ronalda8d0,ronalda49f,yK85a9nm,ronald.strickland@fake.com,Ronald,Strickland,M,nr_ZA,80-89,Austria,Uganda
shawnbf8c,shawnbfc3,gXXdGZXJ,shawn.warren@fake.com,Shawn,Warren,M,vi_VN,60-69,British Indian Ocean Territory (Chagos Archipelago),Saint Lucia
alexbc53,alexbd35,nlrexVkM,alex.adams@fake.com,Alex,Adams,M,ha_NG,90-100,Ireland,Spain
isaiaha6fb,isaiaha1e8,01MWKDzJ,isaiah.taylor@fake.com,Isaiah,Taylor,M,ber_MA,60-69,Gabon,Mauritania
lindsaya11d,lindsay8bed,haaidgL8,lindsay.blackburn@fake.com,Lindsay,Blackburn,F,wa_BE,30-39,Germany,Antarctica (the territory South of 60 deg S)
thomas853e,thomas8f0d,hZns4rdi,thomas.gilbert@fake.com,Thomas,Gilbert,M,wae_CH,50-59,Brunei Darussalam,Guyana
sarah868f,sarahaa29,VR9dSl1X,sarah.chen@fake.com,Sarah,Chen,F,sa_IN,40-49,Saint Barthelemy,Guinea
robert85d6,robert8dbb,YkRpBMJs,robert.lewis@fake.com,Robert,Lewis,M,wae_CH,70-79,Tuvalu,Greenland
jasonafcd,jasonb72d,91JvC7Hz,jason.perez@fake.com,Jason,Perez,M,lv_LV,80-89,Turkmenistan,Nauru
thomas9e80,thomas9a4f,kb6vzk4P,thomas.rivera@fake.com,Thomas,Rivera,M,gez_ET,90-100,Poland,Uganda
johna7b3,john8735,nZcsuhO4,john.morales@fake.com,John,Morales,M,mni_IN,50-59,Kenya,Comoros
brianb817,brian9919,vLUtA3ga,brian.simmons@fake.com,Brian,Simmons,M,nds_NL,70-79,Serbia,Palestinian Territory
shannon8c0a,shannon933c,i8v7VLdU,shannon.powers@fake.com,Shannon,Powers,F,doi_IN,30-39,Gabon,Dominican Republic
charles8f7f,charles9b04,OPC53KNb,charles.fox@fake.com,Charles,Fox,M,ln_CD,80-89,Fiji,Zimbabwe
cynthia83a3,cynthia89a1,Z9Tf6BFO,cynthia.cannon@fake.com,Cynthia,Cannon,F,vi_VN,70-79,Belarus,Angola
suzannea2a0,suzanne9f29,j14hJVfP,suzanne.evans@fake.com,Suzanne,Evans,F,fa_IR,20-29,Afghanistan,Angola
tracy985d,tracy9f6c,C26vldsJ,tracy.fernandez@fake.com,Tracy,Fernandez,M,mhr_RU,60-69,Uganda,Syrian Arab Republic
scott8347,scott9873,UPrVB2Vj,scott.gould@fake.com,Scott,Gould,M,shs_CA,80-89,Jersey,Oman
jay98cb,jaya5f6,thhLRSUU,jay.obrien@fake.com,Jay,Obrien,M,ga_IE,80-89,Afghanistan,Kyrgyz Republic
ashley98aa,ashley8869,IHk3fCUG,ashley.thomas@fake.com,Ashley,Thomas,F,br_FR,70-79,North Macedonia,Antarctica (the territory South of 60 deg S)
stephen8ddd,stephena758,tNEFVVbG,stephen.bridges@fake.com,Stephen,Bridges,M,et_EE,70-79,Uganda,Maldives
charlesb75f,charlesb8b0,OX3T3U2a,charles.skinner@fake.com,Charles,Skinner,M,brx_IN,60-69,Canada,Ecuador
richard8ba1,richardaffa,LvwBfTJT,richard.west@fake.com,Richard,West,M,pt_PT,80-89,Antarctica (the territory South of 60 deg S),Saint Helena
henryaef6,henry9639,J8OdCB7j,henry.peters@fake.com,Henry,Peters,M,unm_US,80-89,Kuwait,India
thomasa282,thomasb0a4,RdRlZwQQ,thomas.baker@fake.com,Thomas,Baker,M,csb_PL,20-29,Marshall Islands,Tonga
robert8f6c,robertbac7,eD8ScEfV,robert.rice@fake.com,Robert,Rice,M,lg_UG,40-49,Solomon Islands,Reunion
dustin8f87,dustin9c77,mrp4PyvO,dustin.walls@fake.com,Dustin,Walls,M,bho_IN,70-79,Taiwan,Nicaragua
eugeneae9f,eugene9b9e,d8UWFgZH,eugene.cantu@fake.com,Eugene,Cantu,M,ha_NG,80-89,Palestinian Territory,Eritrea
ericb932,erica9d2,VlNid3R2,eric.mcdowell@fake.com,Eric,Mcdowell,M,te_IN,40-49,United States Minor Outlying Islands,Armenia
michaelb40a,michaelad9d,NP2zTghO,michael.cabrera@fake.com,Michael,Cabrera,M,ce_RU,30-39,Madagascar,Ukraine
brittanya0b3,brittany8d5b,DfMdhYRx,brittany.campbell@fake.com,Brittany,Campbell,F,mai_IN,30-39,Brazil,Christmas Island
kaitlynba5a,kaitlynaa66,yYDZr4RH,kaitlyn.thornton@fake.com,Kaitlyn,Thornton,F,rw_RW,60-69,Moldova,Lebanon
veronica8bc1,veronicaac4f,WoQQqV1b,veronica.mcmahon@fake.com,Veronica,Mcmahon,F,kl_GL,20-29,Guadeloupe,Oman
michaelad49,michael85d6,Q1aZ4pqi,michael.moreno@fake.com,Michael,Moreno,M,th_TH,20-29,Peru,Liechtenstein
ryanb1bc,ryan9408,Pu92Rza7,ryan.yates@fake.com,Ryan,Yates,M,sw_TZ,50-59,Madagascar,Cyprus
danielle8952,danielle988c,XNcgdEnu,danielle.boyd@fake.com,Danielle,Boyd,F,os_RU,90-100,Armenia,Barbados
peter814d,petera4a1,0llfWqni,peter.martinez@fake.com,Peter,Martinez,M,xh_ZA,40-49,Peru,Algeria
cindy8e5b,cindyb00d,BgS2QeOP,cindy.grant@fake.com,Cindy,Grant,F,es_HN,70-79,Sweden,Svalbard & Jan Mayen Islands
garrettac30,garrett8a39,p8aNLgZD,garrett.sherman@fake.com,Garrett,Sherman,M,eu_ES,40-49,Bangladesh,Tanzania
tonya96cb,tonyaa849,6Vzma0YX,tonya.reed@fake.com,Tonya,Reed,F,th_TH,30-39,Cayman Islands,Uruguay
williambba5,william8dcc,C6hbSWYh,william.armstrong@fake.com,William,Armstrong,M,ts_ZA,30-39,Samoa,Ireland
shaunb5f7,shaunb88a,OAO9WUwo,shaun.yoder@fake.com,Shaun,Yoder,M,nan_TW,80-89,Libyan Arab Jamahiriya,Central African Republic
kelly9fc2,kellybac7,Fv0hKqgQ,kelly.carlson@fake.com,Kelly,Carlson,F,nl_BE,40-49,Venezuela,South Georgia and the South Sandwich Islands
eduardob5a7,eduardobe7f,uMeqIV47,eduardo.phillips@fake.com,Eduardo,Phillips,M,crh_UA,50-59,Guinea-Bissau,Mauritius
rhonda8778,rhondabede,VoVNpyok,rhonda.melton@fake.com,Rhonda,Melton,F,ik_CA,80-89,Bangladesh,Micronesia
brittney9d4f,brittneyb7df,2euPO0l8,brittney.miller@fake.com,Brittney,Miller,F,tig_ER,30-39,Mozambique,India
nicholasae20,nicholas836d,1Dd0SA8B,nicholas.rodriguez@fake.com,Nicholas,Rodriguez,M,gu_IN,30-39,Monaco,Israel
laura979d,laura8795,c8c9xTC5,laura.benjamin@fake.com,Laura,Benjamin,F,se_NO,80-89,Armenia,Georgia
terrya693,terryaddb,1sV7beKr,terry.bernard@fake.com,Terry,Bernard,M,km_KH,70-79,Barbados,Marshall Islands
mrs.b916,mrs.97fa,yzRmIv4Y,mrs..michelle@fake.com,Mrs.,Michelle,F,tk_TM,50-59,Croatia,Paraguay
james9825,james9a3d,jKRPgrF6,james.jones@fake.com,James,Jones,M,en_HK,70-79,Poland,Thailand
jacob8c58,jacobbb37,YVSgYqEC,jacob.stewart@fake.com,Jacob,Stewart,M,yo_NG,80-89,Norfolk Island,Russian Federation
janice9915,janice9a21,lGMzMDct,janice.fields@fake.com,Janice,Fields,F,tcy_IN,70-79,Georgia,Sudan
tina91c8,tinaaeb6,msaPwrQe,tina.sellers@fake.com,Tina,Sellers,F,wo_SN,60-69,Fiji,Cook Islands
ryan9807,ryan8693,esfokYDt,ryan.matthews@fake.com,Ryan,Matthews,M,fur_IT,40-49,Germany,Cameroon
jimaa2a,jim97cc,IdiAsehQ,jim.thomas@fake.com,Jim,Thomas,M,cy_GB,90-100,Puerto Rico,Norway
larry9082,larryb72a,DJpUTd6d,larry.barker@fake.com,Larry,Barker,M,mhr_RU,20-29,Tajikistan,Papua New Guinea
melissa937f,melissaac8d,gcLy37Jd,melissa.fletcher@fake.com,Melissa,Fletcher,F,az_IN,20-29,Iceland,Australia
diana87cb,diana9062,hBYcWhkT,diana.silva@fake.com,Diana,Silva,F,de_LU,20-29,Andorra,Cape Verde
natalie8d4a,natalie909d,7W5f0Ow0,natalie.martinez@fake.com,Natalie,Martinez,F,uk_UA,90-100,Cote d'Ivoire,Brazil
amandaa9e2,amanda96b4,RbgCfOkh,amanda.smith@fake.com,Amanda,Smith,F,ak_GH,20-29,Korea,Hong Kong
jerry8f65,jerryb846,DKsV87cP,jerry.martinez@fake.com,Jerry,Martinez,M,mag_IN,20-29,Bahrain,Venezuela
nicoleae1d,nicoleadbe,DGX80zKt,nicole.allen@fake.com,Nicole,Allen,F,fa_IR,90-100,Saint Lucia,Saint Barthelemy
toddb062,todd8747,G1BA44CT,todd.vasquez@fake.com,Todd,Vasquez,M,sc_IT,60-69,Netherlands,Kyrgyz Republic
melvinb768,melvinbe3b,xsfbvIbD,melvin.heath@fake.com,Melvin,Heath,M,cs_CZ,40-49,Suriname,Albania
annb4d6,anna939,TIoQEj2B,ann.morris@fake.com,Ann,Morris,F,tcy_IN,80-89,Cook Islands,Latvia
mark9cf7,markb279,hmDKMCXv,mark.smith@fake.com,Mark,Smith,M,fa_IR,30-39,Sierra Leone,Christmas Island
molly9d1b,molly8125,xLunTOYP,molly.ware@fake.com,Molly,Ware,F,yue_HK,80-89,Macao,Belarus
cameronba8f,cameron9f7b,2bi6NSjX,cameron.bailey@fake.com,Cameron,Bailey,M,ar_ER,20-29,Sierra Leone,Pitcairn Islands
christine8bfc,christinebcaa,rXzx5O5Z,christine.jacobson@fake.com,Christine,Jacobson,F,lij_IT,80-89,Cote d'Ivoire,Estonia
jenniferbe88,jennifer9afd,kAnF8vHT,jennifer.austin@fake.com,Jennifer,Austin,F,rw_RW,50-59,Belarus,Mali
jesseb95f,jesse8d26,bGR3gIEU,jesse.hawkins@fake.com,Jesse,Hawkins,M,pap_AN,90-100,Denmark,Malawi
andrew9de7,andrew8435,AMKrWm0V,andrew.wallace@fake.com,Andrew,Wallace,M,it_IT,90-100,Heard Island and McDonald Islands,Bosnia and Herzegovina
john9517,johnb027,0NWW3za8,john.wagner@fake.com,John,Wagner,M,ky_KG,20-29,Palestinian Territory,Poland
rachaelb249,rachael8c8c,MEPVKMCQ,rachael.waters@fake.com,Rachael,Waters,F,dz_BT,90-100,Madagascar,Pitcairn Islands
tylerbdf9,tyler8981,xpMMwWhL,tyler.richardson@fake.com,Tyler,Richardson,M,gez_ER,60-69,Cayman Islands,Botswana
christophera8d5,christophera541,YcnuUDG0,christopher.davidson@fake.com,Christopher,Davidson,M,th_TH,40-49,Haiti,Benin
josephad31,josepha64b,3tSS4wwS,joseph.ramirez@fake.com,Joseph,Ramirez,M,an_ES,50-59,Marshall Islands,Cambodia
johnbfc1,john928f,L8I92MvC,john.francis@fake.com,John,Francis,M,ce_RU,20-29,Kiribati,Syrian Arab Republic
elizabethbac6,elizabetha8a2,WI9b2TUr,elizabeth.floyd@fake.com,Elizabeth,Floyd,F,pa_IN,60-69,Sweden,Malawi
blakeae83,blake804f,0IRnrFvI,blake.white@fake.com,Blake,White,M,sl_SI,20-29,Gambia,Bosnia and Herzegovina
jenniferacdc,jennifer94ab,TbfVYMFC,jennifer.coleman@fake.com,Jennifer,Coleman,F,az_IN,20-29,Philippines,Macao
sara9d39,sara8ca6,M6YWeLhd,sara.johnson@fake.com,Sara,Johnson,F,yo_NG,50-59,Bhutan,Gibraltar
nicole81b7,nicolebd12,2vv5AcCV,nicole.holland@fake.com,Nicole,Holland,F,sv_SE,60-69,Mexico,Faroe Islands
kimberly8fff,kimberly994a,GLHJ6GNr,kimberly.mccoy@fake.com,Kimberly,Mccoy,F,wo_SN,40-49,Uzbekistan,Guatemala
michelleb07f,michellea6fc,jJSwfwj2,michelle.hernandez@fake.com,Michelle,Hernandez,F,ce_RU,60-69,Romania,Antigua and Barbuda
kristine8ad2,kristineabac,b9RfQeh2,kristine.williamson@fake.com,Kristine,Williamson,F,ky_KG,40-49,United States Virgin Islands,Jamaica
melindaa6e9,melinda813e,tYZM13nl,melinda.hart@fake.com,Melinda,Hart,F,ca_ES,80-89,Christmas Island,Guadeloupe
katherine9554,katherine8f82,xM21lO1F,katherine.morris@fake.com,Katherine,Morris,F,sat_IN,40-49,Slovakia (Slovak Republic),Nicaragua
renee87c3,reneea1e6,d39chczU,renee.keller@fake.com,Renee,Keller,F,nb_NO,90-100,Cameroon,British Virgin Islands
antoniobfa7,antonio9f3f,fqYir4YC,antonio.sosa@fake.com,Antonio,Sosa,M,om_KE,40-49,French Guiana,Cuba
stevenb09a,stevenb198,o4gn4CdS,steven.medina@fake.com,Steven,Medina,M,ku_TR,40-49,Gambia,Saint Helena
johna1d2,john8f36,7MVealMg,john.moore@fake.com,John,Moore,M,my_MM,60-69,Andorra,Saint Pierre and Miquelon
jonathon809a,jonathon90a4,Zu4gqad7,jonathon.henson@fake.com,Jonathon,Henson,M,pt_BR,80-89,Anguilla,South Georgia and the South Sandwich Islands
robert8125,robert935f,fV9N7qz5,robert.brown@fake.com,Robert,Brown,M,li_BE,90-100,Afghanistan,Isle of Man
jacob93ea,jacoba29e,EBlOaHz0,jacob.fuller@fake.com,Jacob,Fuller,M,ja_JP,50-59,San Marino,Panama
denise88af,denisebd27,oWI0OYYR,denise.orr@fake.com,Denise,Orr,F,hr_HR,90-100,Chile,Tonga
earl9385,earlb8dc,3MtQIMvu,earl.jones@fake.com,Earl,Jones,M,ber_MA,40-49,Maldives,Portugal
christine948b,christinebc48,AJBdz8he,christine.ford@fake.com,Christine,Ford,F,fi_FI,30-39,Seychelles,Madagascar
ashley854c,ashley9980,e1jeHXkx,ashley.krueger@fake.com,Ashley,Krueger,F,rw_RW,40-49,Uganda,Israel
michelleb3ba,michellea3fb,5WGnvCxW,michelle.thompson@fake.com,Michelle,Thompson,F,dz_BT,80-89,Albania,Gibraltar
william8762,william9696,f9cajhDv,william.valdez@fake.com,William,Valdez,M,mt_MT,30-39,Poland,Luxembourg
kristi935c,kristi88c6,qotLAmpt,kristi.parks@fake.com,Kristi,Parks,F,ayc_PE,80-89,Malawi,Ireland
ashley987f,ashleyac6b,sQcq4lJj,ashley.johnson@fake.com,Ashley,Johnson,F,cy_GB,20-29,Kazakhstan,Mozambique
mr.aed7,mr.ac41,5jEwQuPt,mr..melvin@fake.com,Mr.,Melvin,M,mni_IN,40-49,Mauritius,Dominica
stacy9acb,stacya237,eUpHaVpn,stacy.lewis@fake.com,Stacy,Lewis,F,nhn_MX,30-39,Fiji,Jersey
robert9175,roberta581,jXQkXNIN,robert.johnson@fake.com,Robert,Johnson,M,sl_SI,40-49,Norfolk Island,Cambodia
jessea921,jesse9637,WSSQbial,jesse.torres@fake.com,Jesse,Torres,M,yo_NG,60-69,Ireland,Honduras
brendan96e7,brendana839,AERQtvVb,brendan.kelley@fake.com,Brendan,Kelley,M,sa_IN,80-89,Cuba,French Polynesia
lance999b,lance8936,68sCl7X0,lance.mcclain@fake.com,Lance,Mcclain,M,lzh_TW,50-59,Switzerland,Gambia
dr.a369,dr.bd0d,NjyeA0R2,dr..patricia@fake.com,Dr.,Patricia,F,sc_IT,20-29,Monaco,Equatorial Guinea
